,filename
78,ts
85,md
143,yml
154,py
195,tsx
318,json
324,gz
392,lock
400,sh
441,gitignore
467,rs
488,yaml
600,toml
609,flow
610,scss
616,js
678,example
688,Dockerfile
689,self_hosted
692,mdx
721,png
1002,svg
1180,mjs
1217,action
1280,sql
1327,gif
1982,ipynb
2182,Makefile
2191,css
2584,cursorrules
2591,jpg
2606,rb
2729,vue
4088,nvmrc
4089,prettierignore
4091,cff
4093,LICENSE
4097,txt
4117,csv
4126,pem
4383,mod
5212,snap
5387,justfile
5708,mts
5841,mdc
5847,dockerignore
5954,ico
5955,webmanifest
6120,conf
6121,dockerfile
6216,xml
6218,pbxproj
6321,patch
6324,gradle
6329,properties
6709,erb
6759,jsx
6905,mp4
6948,ttf
7003,pylintrc
7160,kt
7198,coveragerc
8538,jl
9141,prisma
9256,development
9260,html
9459,webp
9847,code-workspace
9864,template
9938,TODO
10840,go
10926,bun-version
10993,pug
11130,dev
11941,slim
11961,sass
12737,lockb
14236,backup
15099,test
15980,main
17085,CODEOWNERS
17805,slt
18160,java
18172,jsonl
18202,jsonc
18204,LICENSE_SHORT
18420,hbs
18569,kts
19036,test_data
21484,move
21523,map
21532,rscinfo
21924,clinerules
21925,en
21939,Gemfile
23826,http
24862,log
24909,sol
25135,env
25654,cjs
26220,bin
26224,sqlite3
26556,gitkeep
26560,jpeg
27473,fbs
31088,woff
31115,_headers
31146,npmignore
32965,lint
32966,test_server
34827,ac
34828,h
34829,c
34854,am
35913,data
35914,wasm
36497,java-connector-base
37605,postgres-v14
37606,postgres-v15
37607,postgres-v16
37608,postgres-v17
37627,ini
37782,proto
37845,control
38060,svelte
39555,flowconfig
42264,manifest-only-connector
42265,manifest-only-connector-base
42266,python-connector-base
42287,gradlew
42288,bat
43966,deploy
43967,typecheck
44106,source
46703,tool-versions
47448,git-blame-ignore-revs
48535,bun
48546,json5
49553,pre-commit
49601,node-version
50390,rake
51103,tsp
51778,gitfiles
52045,mk
52050,sum
52051,default
52105,GRAFANA_VERSION
52293,podspec
52294,swift
52296,xcscheme
52299,cpp
53489,ZIP
53490,Zip
55686,test_error_handling
55687,test_multiple_sessions
55688,test_session_llm_tracking
56715,php
56722,editorconfig
57421,gitattributes
57456,cs
57467,pyi
57671,java-connector
57673,python-connector
59110,pdf
59212,gitmodules
59218,moonlink
59219,pg_duckdb
59231,out
63900,OAI_CONFIG_LIST_sample
64471,ps1
64473,sln
64474,props
64475,config
64480,snk
64488,csproj
66510,js~main
69036,npmrc
69075,Appfile
69076,Fastfile
69082,Podfile
69087,xcworkspacedata
69089,mm
69094,plist
69095,xcprivacy
69096,storyboard
69099,entitlements
69100,m
69160,keystore
69161,pro
69189,jar
70712,secrets
71230,ejs
72181,parquet
72259,sample
75732,commit-msg
76124,post-receive
77243,all-contributorsrc
83162,new
83364,gql
87371,web
89359,swcrc
90239,mov
91393,j2
92266,lz4
95947,enc
97798,trace
99097,webm
104022,ruby-version
105288,LLMStream
105290,resolved
108909,rst
109288,setup
109695,twig
109835,avif
112222,woff2
121733,tpl
124551,local
125302,python-version
128867,DS_Store
137694,clineignore
140170,cmd
149947,rspec
149952,Procfile
149953,Rakefile
149960,keep
151116,rust-toolchain
151177,db
152066,stderr
152326,babelrc
154656,nix
155705,dart
156065,cmap
156084,object-stream-invalid
156085,object-stream1
156086,object-stream2
156087,object-stream3
156088,object-stream4
156089,xref-stream1
156090,xref-stream2
156091,xref-stream3
156092,xref-stream4
156099,decoded
156100,encoded
156150,base64
156156,otf
156183,sfd
156191,eot
156257,uri
156264,README
160171,ld
169618,MD
169863,psd1
170877,bazel
170901,cmake
170931,cc
173586,resx
173597,razor
173738,sspkg
173878,blend
173879,blend1
173901,slnf
173917,odg
174937,less
174959,cshtml
174987,targets
174990,MacDev
174991,lcl
175044,t4
175113,scn
175117,ttc
175126,mlmodel
175151,dae
175192,psm1
175199,gdntsa
175274,sources
175318,ignore
175501,in
175846,manifest
176850,7
176856,pb
176898,onnx
177069,vscodeignore
178092,slnx
178159,xlf
178253,com
178254,name-error
178255,name-error-2
178256,no-data
178257,server-error
178260,nonascii
178261,toolong
178485,proj
179009,sfxproj
179213,version
180264,symbols
180265,types
180280,diff
180919,bak
181514,yml_
181540,mdtranslatorignore
181542,prettierrc
181569,mp3
181579,astro
181874,class
182608,typ
183520,asset
183521,meta
183531,unity
183534,dwlt
183597,platform
183631,THIRD_PARTY_LICENSES_NODE
183638,array
183639,array-null
183640,bulkstring
183641,bulkstring-null
183642,error
183643,integer
183644,invalid-string
183645,string
183746,gdnbaselines
183791,github-issues
184493,SearchRepositoryProvider
184602,rego
184648,src
184661,def
184758,hpp
184769,inl
184796,projitems
184918,TypeScript
186102,1
187231,owl
187486,globalconfig
188010,hcl
188179,fs
188183,fsi
188191,fsl
188192,fsy
188222,bsl
188363,fsproj
188487,rtf
188593,nuspec
188662,lst
188708,fsx
189156,api
189421,VERSION
189684,wxs
191571,asm
191572,S
192015,vcxitems
192016,filters
192043,vcxproj
192919,TXT
193720,scala
195800,bicep
196933,kql
196955,improved
196992,ice
196996,tsbuildinfo
197028,client
197029,server
197312,Deb
197861,external
197899,Interop
197900,xamarin-android-tools
198103,apkdesc
198213,tsv
198235,rules
198240,obo
199211,xaml
200166,THIRD_PARTY_LICENSES_RUST
200196,THIRD_PARTY_LICENSES_GO
200197,THIRD_PARTY_LICENSES_JAVA
200204,THIRD_PARTY_LICENSES_PYTHON
201242,defaults
201727,eslintignore
201730,disabled
201823,po
201912,registry
201957,admin
201958,node
202444,lockfile
205167,Catch2
205201,ebpf-verifier
205202,ubpf
205203,usersim
205218,idl
205234,format-code
205244,kissfft
209536,Makefile2
209538,check_cache
209540,make
209584,o
209585,d
209717,marks
209726,clang-format
209727,clang-tidy
209729,codespell-ignore-lines
209755,Doxyfile
210876,Earthfile
211279,tmdl
211401,neon
212061,cachesalt
212121,code-snippets
213377,feature
214689,tf
216028,zip
216068,simplecov
216270,gemspec
218493,typed
221541,ch
225052,920b5ced17ed1785b0d9cbbbeaef37892123ed35
225053,ad6473da9b8ce95b4679919af5b5534d7657be78
225054,b53378a2602d3638332dc19d2e3ad3b651cb5f7c
225999,nu
226001,zsh
226149,protos
227344,testignore
229288,export-css-selectors
231334,placeholder
232474,seq
233896,cursorignore
234330,inventory-system
234479,wsdl
237202,eslintrc
238576,itxt
238616,tif
239626,LICENSE-CODE
240725,arb
240757,info
241617,cast
241750,axaml
241973,dnx
242066,vsconfig
244455,stylelintignore
244484,reset
244925,actionlint
246178,spec
246218,pppoe-connect
246219,service
246220,pppoe-setup
246221,pppoe-start
246222,pppoe-status
246223,pppoe-stop
246234,asc
246301,config_aarch64
246354,Certificate-Creation
246355,xinetd
246375,log1
246570,logrotate
246574,sysconfig
246591,toolchain-sha256sums
246996,bond
247989,Dockerfile_build_rpm_packages
247994,Dockerfile_test_install_rpm_packages
248017,Dockerfile_prebuild
248025,basic_schedule_core
248153,Dockerfile_gateway
248195,changelog
248286,nsh
250075,hh
250084,include
250599,vbproj
250873,vb
251437,eslint-ignore
251441,pre-push
251509,sqlite
251553,der
252406,drawio
252693,lab
252694,start
252746,rc
252762,natvis
253049,mdesc
253424,pq
253799,jinja2
254157,g
257697,versions
260863,yarnrc
261819,npz
262465,tasks
262485,xsd
263798,baseline
264930,mention-bot
265125,icns
265417,vsdx
265780,off
266498,googletest
266835,PutBackupVaultCMKSettings_ResourceGuardEnabled
269911,man
270032,PKGBUILD
270033,PKGBUILD-BIN
270034,PKGBUILD-GIT
270300,gogen
270302,windows-2019
270303,windows-2022
270304,windows-cgo
270305,windows-native
270306,windows-retina-oss-build
270464,jinja
272528,mof
274898,DockerfileMarinerArm64
280553,codespellignore
282042,NOTICE
287461,runsettings
287915,kotlin_module
288139,zst
288149,dictionary
288708,Justfile
288710,just
288753,COPYRIGHT
288888,s
289035,TAG
289036,cargo-lock
289037,dep-lib-actix_codec
289038,timestamp
289039,lib-actix_codec
289045,dep-lib-actix_cors
289047,lib-actix_cors
289053,dep-lib-actix_files
289055,lib-actix_files
289061,dep-lib-actix_http
289063,lib-actix_http
289069,dep-lib-actix_macros
289071,lib-actix_macros
289073,dep-lib-actix_router
289075,lib-actix_router
289089,dep-lib-actix_rt
289091,lib-actix_rt
289097,dep-lib-actix_server
289099,lib-actix_server
289105,dep-lib-actix_service
289107,lib-actix_service
289113,dep-lib-actix_utils
289115,lib-actix_utils
289121,dep-lib-actix_web
289123,lib-actix_web
289129,dep-lib-actix_web_codegen
289131,lib-actix_web_codegen
289137,dep-lib-adler2
289139,lib-adler2
289145,dep-lib-aho_corasick
289147,lib-aho_corasick
289153,dep-lib-alloc_no_stdlib
289155,lib-alloc_no_stdlib
289161,dep-lib-alloc_stdlib
289163,lib-alloc_stdlib
289169,dep-lib-async_recursion
289171,lib-async_recursion
289173,dep-lib-autocfg
289175,lib-autocfg
289177,dep-lib-base64
289179,lib-base64
289193,dep-lib-bitflags
289195,lib-bitflags
289209,dep-lib-block_buffer
289211,lib-block_buffer
289217,dep-lib-brotli
289219,lib-brotli
289225,dep-lib-brotli_decompressor
289227,lib-brotli_decompressor
289233,dep-lib-bstr
289235,lib-bstr
289241,dep-lib-bytes
289243,lib-bytes
289253,dep-lib-bytestring
289255,lib-bytestring
289269,dep-lib-cc
289271,lib-cc
289277,dep-lib-cfg_if
289279,lib-cfg_if
289289,dep-lib-chrono
289291,lib-chrono
289297,build-script-build-script-build
289299,dep-build-script-build-script-build
289301,run-build-script-build-script-build
289309,dep-lib-chrono_tz
289311,lib-chrono_tz
289608,dep-lib-chrono_tz_build
289610,lib-chrono_tz_build
289616,dep-lib-convert_case
289618,lib-convert_case
289622,dep-lib-cookie
292284,tmpl
295219,Dockerfile_beta
295220,iss
295255,Dockerfile_local
295778,cake
295826,smt2
296894,m4a
296899,wav
296977,evm-single
300133,wixproj
301866,04-base
301872,tcc
302165,part
303176,text
303637,go-instrument-testbin
303666,testbin
304051,codespell-exclude
311183,DifferenceTransform
311184,TreeFilterProvider
311196,header
311296,java17
311297,java21
311495,crt
311496,pfx
312986,keepme
312987,hidden_file
312989,hidden_ro_file
312992,no_file
312994,normal_test_file
312996,ro_test_file
312998,rw_file
313877,mu
314289,slang
314309,expected
319599,fmt
321103,clangd
321110,slang-rhi
322225,axml
326839,Linux
326846,cfg
326861,swift-version
328604,sidecar
329794,capdef
330357,invariant-mode
330358,download-dotnet
330359,download-and-install
330360,download-appliance
330361,download-file
330362,download-files
330363,extract-file
330364,extract-tarball
330365,extract-zip
330366,install-files
330367,validate-checksum
330373,linux
330374,install-aspire-dashboard
330376,linux-composite
330377,install-aspnet
330378,windows
330380,install-monitor-base
330381,install-extensions
330383,aot
330384,chiseled-ubuntu
330386,distroless-mariner
330388,non-root-user
330389,non-root-user-staged
330390,envs
330392,install-runtime
330396,install-powershell
330397,install-sdk
330399,install-components
334385,actrc
335407,debug
335864,pkgproj
335912,inc
341328,pubxml
341347,resw
344595,xlsx
345769,luau
352449,sparql
353326,hs
353332,waspchecksums
353360,cabal
353408,run
353480,projects
353826,g4
353827,interp
353828,tokens
354078,sig
355618,sha256
357434,risor
357764,mrpaint
358087,R
358089,NAMESPACE
358090,Rd
358173,coverage
358225,rhel
358372,OWNERS
358433,graphqls
358729,test_upgrade_parallel_failure
358746,test_install_parallel_failure
359693,zig
359873,test_json_remove
360592,test_lockfile_migration
360593,test_lockfile_assets
360595,test_lockfile_urls
360596,pkl
360606,test_lockfile_install
360614,test_github_url_tracking
360616,test_java_url_tracking
362142,whl
363130,CHANGES
363632,lua
364195,dyn
364241,gyp
364251,LATEST
364845,openapi-generator-ignore
364846,FILES
364983,sglang_for_verl
364985,sglang_latest
364987,Megatron-LM_for_verl
364989,pai-megatron-patch
365535,moments
366004,tgz
366844,baml
366960,graphql
367118,build
368889,circom
369639,sb
369743,vsix
370268,lldb
370753,envrc
370756,split-silo-database
371380,sdkmanrc
371988,nf
373128,star
373253,ChangeLog
374497,cache
374807,pri
374821,simd-test
374823,postinst
374824,preinst
374826,desktop
374833,moc
374841,test-simd-brush
374842,test-simd-brush-optimized
375011,aqua-registry
375013,_mise
375014,bash
375015,fish
375022,test_github_auto_detect
375023,test_github_ripgrep
375024,test_github_tools
375025,test_generate_task_docs_inject
375027,kdl
375028,envsubst
375253,generate-proto
376053,xcuserstate
377325,vercelignore
377770,ambr
377841,test_case_insensitive_assets
377847,test_task_env_directives
377854,test_task_info
377860,test_generate_task_docs
377861,test_task_ls_usage
377904,test_task_ls
378117,artisan
378141,htaccess
379406,darwin-amd64
379407,darwin-arm64
379408,linux-386
379409,linux-amd64
379410,linux-arm64
379411,exe
379594,trycmd
379595,ipa
379646,mock-replay
379821,pegjs
382048,fast
383122,dummy-version
383594,vt
386088,mbt
386624,pyx
389905,(marketing)
390810,SConstruct
390834,internal
390867,httpsniffer
390869,3983
390890,3925
390891,3929
390892,3930
390893,3940
390894,httpsniffer_tests
390897,SConscript
391001,dxtignore
394600,mochi
394641,ml
394685,clj
394941,rkt
395062,exs
395148,xhtml
395161,ast
395371,lark
395376,dot
395484,bench
395485,ir
395522,st
395584,adoc
395608,output
396702,erl
397148,cob
397269,capnp
397732,pl
397879,scm
398215,cluster
398216,vllm
398235,prod
398362,pas
398479,qml
398503,cypher
398550,f90
398611,phel
399089,xsl
399556,golden
399884,xcf
400631,docs-site
401191,vcf
401300,tex
401331,jac
402229,xcconfig
402513,codex-setup
402657,act
403529,agentignore
403740,ex
403791,bats
404920,frag
404923,vert
404928,parcelrc
405342,Dockerfile-debug
406527,ino
407454,biomeignore
407880,gen
408467,escript
408619,err
408690,fvmrc
408755,misskey
409749,DNAnalyzerPlugin
410925,Snakefile
410929,smk
411423,6
411457,nsi
412730,ql
413086,mojo
414489,stackdump
414519,09-1454-feat-add-support-for-configuration-done-dap
418384,kubectl
418385,talosctl
418386,tofu
418418,tfvars
418604,ops
419501,kg
419680,cls
420709,adm_add_cred_neg
420710,adm_add_cred_ok
420711,adm_usr_hist_empty
420712,adm_usr_hist_filt
420713,adm_usr_hist_ok
420714,admin_add_credits_success
420715,agt_details
420716,agts_by_creator
420717,agts_category
420718,agts_pagination
420719,agts_search
420720,agts_sorted
420721,analytics_log_analytics_complex_data
420722,analytics_log_analytics_success
420723,analytics_log_metric_success
420724,analytics_log_metric_success_improved
420725,analytics_log_metric_various_values
420726,analytics_metric_float_precision
420727,analytics_metric_integer_value
420728,analytics_metric_large_number
420729,analytics_metric_negative_value
420730,analytics_metric_tiny_number
420731,analytics_metric_zero_value
420732,auth_email
420733,auth_user
420734,blks_all
420735,blks_exec
420736,creator_details
420737,creators_pagination
420738,cred_bal
421247,tt
421417,xm
421863,wgsl
422238,codepath-notification
422840,swp
425687,pyc
426393,groovy
427019,coffee
427028,memory
427662,mutmut-config
427686,production
428651,post-command
428652,pre-command
429372,metadata
429659,skip
429697,ftl
429849,claudebox
431270,cobol
431917,flush-to-stable
432252,ron
434641,nim
434643,codetracer-ruby-recorder
434644,runtime_tracing
437360,lisp
437586,Fetching
438264,Pipfile
440069,fsh
440073,vsh
440249,helmignore
440928,jvm
440932,mlir
440945,wat
441862,mbti
444076,cred_topup_cfg
444077,cred_topup_req
444078,def_agts
444079,def_creators
444080,feat_agts
444081,grph_in_schm
444082,grph_out_schm
444083,grph_single
444084,grph_struct
444085,grphs_all
444086,grphs_del
444087,lib_agts_search
444088,log_anlyt_cplx
444089,log_anlyt_ok
444090,log_metric_ok
444091,log_metric_vals
444092,otto_empty
444093,otto_err
444094,otto_grph
444095,otto_ok
444096,sub
444097,sub_pagination
444098,sub_success
444099,unsub
444312,snapshot
444757,y
444758,l
455499,Rmd
455864,dat
456700,zen
457656,robot
458886,_gitignore
460123,Dockerfile-sbt-013
460133,jenkins
460136,enhanced-Jenkinsfile
460950,cxx
463139,install
468987,i
469436,tera
471764,dvc
472286,side
474603,sync-skyvern-main
478210,CNAME
480566,qrc
482333,ebnf
482490,parquet-export
483550,agentindexignore
483552,cursorindexignore
485563,flake8
485956,cppm
486053,DESCRIPTION
487280,prepare-commit-msg
487304,pxd
488013,shellpaths
488026,zshrc
488035,hosts
488044,stevenblack-hosts
490915,MANIFEST
493992,work
494123,iml
494139,pickle
494740,key
497375,markdown
498393,lldbinit
500236,ndjson
501920,phpt
502635,bundle
502637,bundler
506240,bashunit
506405,dox
506407,launch
507244,cl
507465,codespace
508654,type
508655,grimoire
509678,tar
510376,bib
511489,BUILD
512094,@zpm-log
512451,cu
512455,cuh
512459,hpu
512460,xpu
512788,httprr
514039,mermaid
516609,AUTHORS
516610,CONTRIBUTORS
516612,PATENTS
516764,Appraisals
517500,riv
518410,03-1256-feat-add-initial-dap-server
518425,03-1447-feat-send-trace-data-with-launch
518432,04-1434-feat-socket-path-as-arg
518449,04-1729-feat-handle-dap-responses-and-events
518456,04-1802-feat-line-numbers
518458,04-1804-feat-active-line
518460,04-1805-feat-add-calltrace-panel
518466,05-1644-fix-send-initialize
519482,mo
519758,gs
519914,sse
521587,dict
521589,surql
522494,el
522495,grammar
522511,prql
523676,res
523677,czrc
523688,solhintignore
527018,fpcore
530261,ogg
530487,shader
530488,hlsl
534860,voidrules
537695,styl
539556,Pluginfile
540400,gitconfig
540402,tigrc
540403,tmuxconf
540421,vimrc
540443,keymap
542235,multi
543530,windsurfrules
543691,fxml
544737,strings
545202,scale
545262,apns-send-http2
548446,dll
548448,winlib
549769,plan
549858,ci
556763,compute
556777,mat
556826,exr
557823,go_tmpl
558128,92-dc78-4cc4-b947-0a12e9480b5e
558129,2f-c37a-4389-b549-4feaf852476e
558130,e3-102d-419f-809b-83e40103a10f
558131,7d-387b-4f59-a853-d5bb23833117
558132,e5-834d-487e-b4e8-c331822588aa
558133,56-3bb1-40f4-bfb8-887b7d5b405d
558134,2f-ca54-4e34-807b-808094c16840
558135,40-a5c9-43e4-a81b-35340cad484e
558136,4a-8b1a-4c8f-a206-802e94e1ea60
558137,af-5da6-4aa6-9420-7926ed86ba63
558138,cf-37a8-446d-95dc-0e7310d158cf
558139,d0-cf13-4c68-9580-6b113244c708
558140,bb-1cf4-4a68-9248-a386c405f68f
558141,3d-826b-44ed-9079-920eff1f2102
558142,56-c6cf-4636-a905-92113460a7ae
558143,37-ec99-4e08-9783-9bc6ff0be48e
558144,0f-d2d1-4241-9e61-52240e115408
558145,4f-bf13-4a9a-a980-101e57a56008
558146,b0-e217-41f4-ae95-ffaf6cd3e4b8
558147,a5-c5e2-4fcf-9c6e-7025cb018548
558148,0003ab5c46e9e1ef406bb2eb238f9c3f
558149,12aa7141b171b16959748906feac51d3
558150,14026a1632531c2b1445ac9963f41c0b
558151,157bbf23f31ed51177501e75282ac9cb
558152,1d2edfb7ef1e307f66121b3e768a78b7
558153,2f86f800fd8352b11962afe4f38d0e97
558154,346b5c4e1c29d8a3e1abbf37ea40c34a
558155,3db8800bbec2ad91d6e0f510f05693e3
558156,45c090182f1c41d006db3d89b3255f63
558157,491007acc547134fff9a648acdd29108
558158,50a27d31d20866b9b19db7d0147e9ca5
558159,50e2740cc8c02b38c74516ae56dd3a0a
558160,53a3bc0d30e54e8f7ee3f217181934f1
558161,5df33ec4a448243c24b70f1a5558366f
558162,6462fd2eeabe09ccabc2f3474abde6de
558163,74679e92a13b2119023d843b06feb76b
558164,7543bc2e336227ce24ef043f70ecee8f
558165,8a4c820de14427046de5d810d6291383
558166,9598d2d270c506c82396fe8a245f51cf
558167,a20c092b80c4b30361d759f614ce41d0
558168,ad7eae95d2c888dd4728455e8f6d128f
558169,b718e62e7d558c444b8192993f6f524f
558170,b852f654ee025df8e27449ad8f1dcaa5
558171,bbe37ae56f700e2040280805b62fc717
558172,c306bc6e93ac41e5c71e410e2f79d72c
558173,c741acc1ec373e1cefb732e4e00b5313
558174,d0a8230ef2a0f800c63ddad6c3d6660b
558175,db51a79cb267f164e3a48a1d407ceeaf
558176,def5ea27540bf8f0dc58d628ed012604
558177,e7a0f1703ee7d571a903fc451d6646ea
558178,e94594917a8843e06cde4349183d6293
558179,f2a363b5363347d2abab7bb32a6ffc27
558475,ref_commit
562150,problematica-contexto-itau
562152,protopersona
562269,tiny_face_detector_model-shard1
568634,docs
571123,accesswidener
572810,stub
575555,goflow2
576837,p
580596,yaml_disabled
581844,bicepparam
581856,PNG
582740,12-1044-feat-add-stopped-event
582848,base
582849,incremental
585915,npm-lock-notice
585918,prebuildrc
585921,vibetunnel
589319,zon
589322,pdb
589323,lib
589328,XOR
589329,a
590630,supp
590821,worker
591218,cluster-agent
591219,kubetail-cluster-agent
592591,initd
592945,vim
592953,vader
595943,COPYING
595950,lint_imagefile
596007,copyright
596025,guix-build
596026,guix-codesign
596035,gen-sdk
596036,macdeployqtplus
596047,miner
596049,bt
596064,guess
596067,gen_id
596248,lsan
596642,data_crawl
596799,paywall-preview-resources
600955,Vagrantfile
601577,MetaBadGPT
602485,bd
604935,_redirects
605823,Dockerfile-alpine
606178,pyw
607204,proxy-version
609156,Caddyfile
610932,publish
614834,ui
622362,chainId
623037,imba
624785,glsl
624796,bos
629709,Jenkinsfile
634640,xsessionrc
642183,tree-sitter-c-sharp
642184,tree-sitter-javascript
642185,tree-sitter-ruby
642186,tree-sitter-typescript
642749,jsonnet
644823,as
645568,kgpy
648741,server-yelp-fusionai
650566,dockerfile-build-aarch64
650567,dockerfile-build-aarch64-static-link
650568,result
653761,readme
656930,snakefile
657478,XamlX
661346,pub
664243,17-1557-stylus-vesting-demo
666244,pipeline-adapter
666820,env_example
667332,dbc
670379,rust
672195,org
672480,cts
673007,ms
679548,asciidoc
679558,llm
680940,flutter-plugins-dependencies
684315,cdr
688735,sqruff
688911,geospatial
689897,roast
690089,testing
690181,test_unicode
690239,shellcheckrc
690249,bb
690250,bbc
690251,bbcf
690252,bubo
690253,colortest
690254,copy
690256,gbrm
690257,git-check-uncommitted
690258,gl
690259,glg
690260,gwip
690262,ta
690263,tk
690264,tka
690265,tn
690266,tna
690267,update_jumpstart
690268,ygs
690269,mdl-global
690276,config-default
690314,yamllint
691910,up_down_asymmetric_tokamak
692066,claude-flow
692228,claude-flow-wiki
692315,activate
692316,csh
692318,dmypy
692319,f2py
692320,f2py3
692321,8
692323,ipython
692324,ipython3
692325,mypy
692326,mypyc
692327,normalizer
692328,pip
692329,pip3
692332,pycodestyle
692333,pyflakes
692334,pygmentize
692335,pytest
692336,python
692337,python3
692338,stubgen
692339,stubtest
692340,lib64
692374,ruff
692563,full
692766,db-shm
692767,db-wal
694311,test-pr34
694312,test-pr34-compatibility
695006,run_tests
696054,behat
696136,console
696236,bash_autocomplete
696238,zsh_autocomplete
696772,jbuilder
697043,LayerZero-v2
697044,devtools
697045,openzeppelin-contracts
697721,ttl
697724,ru
697726,ofn
698204,gitignore_checkpoint_note
699198,idb_direct_test
699233,claude-code-flow
699745,test-integration
700150,mli
700179,reference
700267,BUCK
700443,static
700570,WORKING
700572,bak3
700993,paywall-preview-resources-commit
701563,entrypoint
701603,cfc
701939,_guard-core
701941,coderay
701942,dotenv
701944,guard
701945,htmldiff
701946,irb
701947,ldiff
701948,listen
701949,pry
701950,racc
701952,rbs
701953,rdbg
701954,rdoc
701955,ri
701956,rubocop
701957,ruby-lsp
701958,ruby-lsp-check
701959,ruby-lsp-launcher
701960,ruby-lsp-test-exec
701961,ruby-parse
701962,ruby-rewrite
701963,thor
702011,makefile
703650,product
703785,manual_simd_test
704387,tmux-pane-border
704922,hooks
704996,opencode
705088,Brewfile
705138,bootstrap
705139,format
705141,mock
705159,stainless
706186,0~-DConAF1eJFSj5b77K_rhwfibcAms5yExDy6WZs4IHfTbkF0jyMrjRU_EBDPQsGMuU5D1_wyvrZgdIbMm5FciQ==
706187,0~-GqctTSKBlu81JO94pIxepLZErzO-gdX5Q8gNbx5-dL0bu5lGLq0A5ghqlt3hnmtBtdNT9kRMbjfftdXDRfX6A==
706188,0~-Tynv9MCNTA36gALIkrf0o0iR9SUGvHRefdUjG_HnhVYpuycvAGXb8_LcM1bh1PN6bHuaHOvrgcrFzsPlRBg7w==
706189,0~-nAiET_VdN01A0fcRD2vPAj72jlUBdox9Bb0hFjskhd_S4rOyAjtKzWDxNWmiOBKYJL-EPudCmPCmVjjveRMtA==
706190,0~00minG8fKvKddmn3_GnBiaopuCE-EWX8MsYp9QprVjFaZ4fqFrZzseREsfye5F_vKGyLQKeAYQvRG6aP96A6Ug==
706191,0~086J6vw1gRZduTMkLVbseaNg_Mz0hXGqbxsje1o7I21gQj3HIFVhuKdOFc9PURI5s-_DbbKXvzW2PezJNlX0xA==
706192,0~0a225TxyQmFMy9x8Rt4GVdoERQ2ayfT9mOGKatfOelxipbBqvy-kR0O9-hSrsrAPTufxFSJK-5dN722xOd_6_Q==
706193,0~0ryB_QCY9h_K7CHyrdV-_uYOonwaOhOi7wQnNxNwKevxsnuKN6v4SjxZN7ygZEJdYhH-2u-A9H-PPFy4HD5kuQ==
706194,0~12QkK60IqfxthhFrrvVCYE72EJYgaQLeiRZiR0tXY31dn5IrpuUo129hz5C3q8_qmhfBQRI7JW8VTxXvGQ150w==
706195,0~1JEv-uaP1dueiLrLS3abBkf8ER6vvb6CmyfgcIo_bw6X3CZfrgsJQAO7FbMBoQOSiYBStiKe-fWfxLdnXZ4WPg==
706196,0~1WS5aTIsKIOaoo0U8dv6UULkUi7-hT0G6w6dHqZ8ImgKjB4czwEpWk_oAA3qMbxYyWaGmQ0kFGo6mZIWUt3cFA==
706197,0~1ZQf1GRJEO75tNdM6VqYjJ8VAPnX2uK9O8mZn6PBWZSu9kmZ1D6PdWHpbuvlZm0Dc0xnE4vh_k5fwguwL94uMQ==
706198,0~1yzeNoiP_GzGb_VwzFDeItxeUBwyutrAnws54MmEqgMKxJ7x28IsNJbfG9ErySrHsZGjBtPyOtZP3On5V-Xkhg==
706199,0~2FK-QI-RMC6sGrFvSltKwl9VYx7dvqB5YqHsnAzFgKCbtQ_ye7l8jPBy8-qRJsliwNnRT5vUZNRE6W1tUlUzSw==
706200,0~2XZWueeL0rIcm-YmxSjBjQ4gKKpnHOPWvEzxseKa35DEYJ-1rjrdFiUTGvEAzHIT9aB3MtHkkgFx2_vcMfTNiA==
706201,0~2fM9AVA5TFTQ3_QTsjNHqdcb_e8M2ux-a0GQLD-EXHYRRf3vl36aTskSJkQCCa9e39q_JQUeOWkD9TRr7C27ew==
706202,0~2jQzy4A5OYr2R4PXiF2IRqSOde6uO65LKGM38GjSLUSqXyx17IgnxSEUrL3stOhL3D4o-09yLZR4MhKfiOiS4Q==
706203,0~3LwDgJmGryRsRYNnLYd6xPTlDj4CFmIxx7eHtX0O4JUcE24gRfXbAqqAwpX2wuc0FC2lkpxmzgM84tjXwcLZtw==
706204,0~3z12fqu5N_Lp3GtK2Cib3AX2i4DaCdfoAXI-MJo6ezOqPdGdqs8mKwCRYf9qZZtdHOv3B4Fn33v7IL9ZtHHCZg==
706205,0~4kZtIjmfF024LMqJWNnk2gZriYbdx-z9c1Y_MocuYQnfN026p17w0KpyYMFldgIJ0GBp3SbBggaiW62xoXCiRw==
706206,0~5Bm4TtxkQOHXnx7TpAqx7bkyU7O21qTxdNKGkrZ0qn1hJVfeHT8VK6Sfx-8FUGAV2mGNfqkmtXIr4pL1v92sYw==
706207,0~5KEHgK6DbctU49bZ2HQAeAIeqmIChVYHvguSUgmunTkPaia0ShLdekcX0pr9X5VpYN1CcGZLoQIVFeo3nAjFKg==
706208,0~5QK7qjMyGT-LYAbae4AW-uScqshuxgu3QP6hr87r1kYTgS3YwZ3mrlwCMeEQpVEf5DsEZWmqrPcJP287Ck-fFw==
706209,0~5x9Rdi4-pnUHcONWIS4O3jMxFCoDQTJtBwtmUQ6gLpBEQZpbteyJckY2jKSNJHW5eZTda3gLKyS78ihN4leNmQ==
706210,0~6-0DjiL6D6x6KsgwAIYtQNo5N0oJ8HYea1a5PNXhxLK4ti_wyz82TRYxdV4BFlcpiMauFZMEeTvr77GIexC5cg==
706211,0~64hzjtcvXzY5vikNpF-ODSgCTYu1S_MoXBOAV21SEHMNNTGtYRJBiikbp0sFxPi-QQL648HdZjlaDQlKr7qj4A==
706212,0~6QM5VLT9atUHeUaf_rOE94WVQxg61kSkz6kW1Uc_v5biugNtSxREY_b9nImBUO5t8zLgGZvAJgoEIkaXg4Ty7g==
706213,0~6kaKQLlsBH02Lapnj54MC1A48ARK4o91_V4gjK0G0NVyGcsRhBJ4bpQD59jQ3VXK3e3PRRGkX42s53Oy8Y8T5Q==
706214,0~6ri0fOPYGaMfSS9tuns5DQxITaxD0Z-mhpb1GT60bPpuY7m2WXytHdYCLTgtDe8-cDc_E1wIm_rv5RN_24dN4Q==
706215,0~6sgxHkHDDL3iZmnl2sLVTPDmBtCj6MlZxOavC3-ExKPxqCzBr5SFKHKflZodwkY_TkkJ13FGr_EmSM94lQ4RKw==
706216,0~6vrOMXes5BtrSyaAOpyMEew5BBKswgsfWN1i2YsE3XI8rMgbZ178hnS4XSWUV0l5hLaDU_BlgkhVlPt-2WBz9g==
706217,0~7Kayv5MPVZxgFd6qKr4y8wgNUtDEhsaRNMqtvMQW7Ic35Hl2sTHZJ3hIFd4nzoN0d13PMygovd10maVZrg0CJw==
706218,0~7WQUIPLNnEmoIqE5g57X2TPnJpNnheAxrmc_aSTUSGQwE9aSwOTyTRwkIYqdNOj7tWuQ0_gWm9XKMofdHfQgaw==
706219,0~8J32w-z8YSXr_C5b1TjNwWIjaFilgzkk0LO0ByrXdLZ3jLIFG-nDGHqvHvIctHxS_M9HtCUwf-R8zE2cQ2ZriQ==
706220,0~8WfGRJJyE5BnDPoxhQX9sUSK5JDke7IrmrCW7sIjGXXyH89rNn8w0txZ6wZH_yQSaAd1ceUwE08UlYSKrIVrxA==
706221,0~8zgf6cwU_hrNfeV18GX4wwNUGZaVUG3RJcZrLuK8qUhSo9JDWQ13TXMZnfA_FtYfYfM90e6TSnZrhpuFZ65EnQ==
706222,0~9HBhG_Fug_xMt6CVqZ94FFtIl8gu1aacZ9IffYJssyapjYJfKHm-C6U1E9W4ApAjUc6s7nwyLpAiUu8DrSfbIg==
706223,0~AkuKpQmMe9FjFLwe3Nrco0PpZiyPUdkwgpOOGAStPzK0HmW9oIbN_dbG2bTbDiSjHi5nJXMPKcxYsox3FPAJAg==
706224,0~Al5uDmoxGJMNzlkvnD-aNGd8YI-b3Yv4XHgRLuoo79Gm8bxaswMl7l6D5v6uXuwqJ9a816XJkCmUZVgx4afuEQ==
706225,0~Ao8cbcr3o5hbHEhN-kC6XgS-IRkX0HTkoJKe0apdfhjIjsMda4IHDXZ6c2hJ0_3ZWqezgSVlTCxTiPWsqCAqcw==
706226,0~AwtDN0Is7iR93GscObipKlz6k36OZmdSDxkbRqEdxrfHYMNU2TIBCwIEDuL_R9EXdLwAaQ6qMOqmQNSt4-4mlA==
706227,0~B18YNWdw-64i5PhRyecXD09wzip8altUi9uBqYY2Ol-XSPKEAg0SXhKmzRPJrsmBknyZrlceYSiSFR0fyAmb-w==
706228,0~B3P4t4ilJmDjtNnmLqq4eOVJSG3YJfZ0LmMYsFeA3HZyz-xkcLT35mYIdS-EXUkXUOsXhurYaoTH9bsezJ-ikg==
706229,0~BSTTx0YlNinoerKbVX6DVMgW_xuQrFsIdXpHPCe6C-y2Pj4S5W94UihWfCxouLqgFMJyGNsUDsfSVVhelJvwYg==
706230,0~BSyAarjnf_c5LcKs8svBemKVvNlpq0HZ0fZyNlFdzYk_y5BaKrtfAfNkY2CZuKNE0zyiHiqd3bMWAQZvmlmFUw==
706231,0~Badu9n7pTCwR9LpXYBDZMUO1s95uDaOCKZoco1yPGyhtdXxnRn8-LATf7eTEYD82XbV6X2XBlZl-RnvV_3P2zw==
706232,0~BdyvpvECwyviRAmp5Yy8__Xdh_OAb3U8OGol5ZOekcRPVVXyQ_oqBCszXmhe5xXUV0b2Nbk0VUtFJSK0FubkZQ==
706233,0~BpFiX4HH6dOiwEdELSb7kI0IxkTgpQ3om9yq7zla4lk0KbgBBGOVs3vpQKwl5NpYcBBmOim_v6LiHfE1XsqUDg==
706234,0~CWpDON8J4OVSB4p6d5YDNR2X39lbE19PWgtbhvJ8KADLjxuSfGNcmHe3c2wPhLerfIh4LNmLVah9PvIaciJf8A==
706235,0~CbFl7tVSuCcIK4a-2TfFzF3kw1edC9byG2V7l-5PqDML_ovwvQ1KroSU1maBgI1SKEvKtuwC8-bXx17fkFHiQg==
706236,0~D4x2VCe-CNdWhZhw5b7ujjQjc7eMl7c6k-lh_Q5hoO5iYJOtIW1j7K34d-ap-fqTyJdAJ4PQWf8k_50bPEpsUg==
706237,0~DArPY1r19klAbk0syr2cMH_dzaxBAiDc-NMsO_j9TB9lHUFcAwbgXl_BQzZ6rQtAkL8Id4VePfqlfF05exu00A==
706238,0~DLcaW0zj7dBk88WHLENXstZs_kE89WC6na3OADh4ZlvGui9OdfqAZDtgXqIlj-REzV9GcqYOUhqBf5N73ZZK1A==
706239,0~DRXU5A7QnjJWz7jU70pNoMNbVe2nD1HsAExD2Q7KjZ5KUpzCooIewbmPQGmYD7NaO97uGQyaUmyX4R4Y1INkQQ==
706240,0~DRk5wuH_RLxWghM5iPth-asAQjkc1PkLsVv6pu-0KQStqRNDa5blPT6GpIHz2TEDGL3QCfgq4T_Tca2x0DG9ww==
706241,0~DYO_f4oCqQzqqSZDOsRJwD56mM64d-1883kkLedwcTrjRNqAVz31wG9y6jtS9U-x2tuv_2uKeG-fMzcpGUuH5g==
706242,0~E79ARLL8GaqGr0wH4BhXZG4NuecoUN9lfCNadoHgvDIR2dLsBW2CDS7tMOO2SGit2sCqOVJ6ynQxqvwNkhS8HA==
706243,0~E9BDWpJxKGnf2FjRA_7aIYL9w8phO9o1Xwb--hL4KKulDgbfONwRY_QRvDv6hq_XJcfDXbeNcR1UZ6EHAlapiQ==
706244,0~EOh7mNUBUZtzEXq4lyfzouFMqxjQ-POVHk5zfOmxlnnuoARFsZO9ATl8lcV6PskEF8X-5AaYjyP8PrlYp9u67w==
706245,0~EcCQOlGGFp5S0fJLcFsuNuANvazGAckgbL1lPJ12qOcjYI6U_jpvo8Y_tq6t-wbhjrGJXG7bQ6Uk9FkIopYBBg==
706246,0~EoavgKf9L5QARYptRKMoaak-AbcTdrA8T0BOnXYnexIzjYCU5Co4XdX_IJgmN2BhgSp9YS1ZOzU_j6vvb0-yeQ==
706247,0~FA55HMPkjVz1MvF6Lh7QpMWlww4hPGXYuXf_PD6tdpdXhMxPP7zIWCJA25hY6QEvYE_kcmRAHP6bNMtbJUo8Og==
706248,0~FDPNDj_-ipWRvtZYDiKaOUtYe6oIJuicLwfzvSSanyTmAUbvl2K5vKwSwEyCDIDjutTofW7NkD_LARX8Rd1ljA==
706249,0~G4XRCq0gxfbZRzHAqFymJiNVGi6WDRpYLx7dFgGOhUTKtviktDxQOySM0Yuuya6_J6tHhUxaoAcUz7e0x_Jr6Q==
706250,0~GbEvFyxLUVfKQMoQvoYmHi_bidSfVNErLfFrjcJClkeJuRJvTJaRaOvoL_LIK_D69oKqLrYUw0MqI-w0Mpjoow==
706251,0~H57AvjezPh3pE6NlS3uXlFvmKS2N_q4maM43_Bpu7HEIlALvkT33Ao9HrlEUvv1l8pap_UqURmvF2YDq5JcpEw==
706252,0~HENFRvZnWjrMEDxVGEOE6v-4WN52dWqdV-qsqEv3NFGKqPLfbENW4ZVM5K2cvX1itiKK473_G9N5ce6hT-PX-Q==
706253,0~HTX5doh_L5wMfkNycrLGzSn-w_yUQOIMiWT8iC_nOsE6AKltvtvWPWv7Y8o0jzIcdV7Sl1jhZRSZzSAsf2osIQ==
706254,0~HbRe9vxFvY9FqfL6OB3zG9PtdY2pIumDbgR3ixx9h0wOOXvg1dn9pz_sAK3G8zCaRL9nzea1xcZfJOSisVOU9w==
706255,0~I5sAfYDHSyk0721z8cO3c7KGSzJNIV-_4Fvho6a00zkiq0lqz0TNY7WT9Zg0k6oRlNip9v0jaRZukeTygKSPAw==
706256,0~IGQm3oLXVJavFrAU-zbdkfilcen2dbPcsFJ5V26n49euCk3Vob-Lapds8M4PnbYfxUWPVtDvIP2VWuKgmveA3Q==
706257,0~IIkOPDRktvtSgV1353CujWb3x5SdX7nN32WZvh1X46kc0WL8gWJCHOKka_VX5FzhE-O66UL3GzBw-SSUu7Z4bQ==
706258,0~IVbBlbPJDYhx5raXU8Z4XnUWiEDP8Kg7BDy5cSNBKSA_-4L9TpM_xifHeS9bUUvPjm9KULTAIx-2nmAvQqjTGA==
706259,0~IWHOmabOGXGhSHZH5LOzhlek544z0bmmNRuybN-LFQoW4MQ1EJIVEN1Kl2mKKBgHdf4cD7eLfrhEDvO6wGLvcw==
706260,0~Ig65a69plZy_vvNSZ3ZIgQnbKuT-h4c99gb7ffDLhViW-XNTI5nOR7Bj8Lgf4bLwhdehpLGXI9LxUz56EtoygA==
706261,0~J-slRReB39uiR56QP9rxDJLw0Sqi871aFpbckO3ZfubTAZOQJFTjLX8PZBBXFR1nGD6UCLS3oQyzeTUyrPFIrg==
706262,0~JCVbtNwjslorI0AMnx4UzryP2Th1YoNmVOVxdreDJDTqHPhwcVKToiE3E3XUmM-r4tU3k75UanVUJG4MFWfNLA==
706263,0~JHmdfLWBVeK6dghoJ8B30lvXVeOzPNY9p_RFhONIoE-sMB9-p6WU7_sCJRWYvXnldPGy7SV3N73MyNeUBT-e9g==
706264,0~KHr_atzubJfq7iQ-tH8_f2fZEHInYlYrwhQrKLVSUKSo5m02MjIa8YT4cdOmlucZpzCeV_01g5PTF3ZEdKCZig==
706265,0~K_OiaNMhaq5tWMa9W-HnEP9dV1VuwX4BxLHzEPCc9vQhkFhraEY5vhAHOSlnI1LMyspB4kMQxeNGes9N_NvCJQ==
706266,0~KiDDD9QTperl1UA91114_GC5MwWWkqk0hW7tqGoBmDCS8SDLsju_Q0M4lEbX-LzltnIN_kfftm8bIytIFUFqCw==
706267,0~L60S8iOyX572YamHyFPwJkG89Af7Rexq25npWFRzdHutfuzwDscVMciDDyjd8abXNuTqL4WkMxqhZnq3tBnz7A==
706268,0~LKT_zqESy3mk_ThUwWqXSlDB6fj-2ABudgAtZw3qgW27l-eUzYxoq4MiHgfa-rl-FNh81_Ey8YHMR25YQAyHKg==
706269,0~LQP_XaWpVmAWpqRNJgDVel99VOU4oVDDPVCx1nuKb_wzCimGeSUyY0jW-ABhjZ9LATfS2Ces7HUbAMrDJ5LZZQ==
706270,0~MXRL8FG0Vq-Scr423imTaz7va1BJJAU-5MoEY6cl-Aa7wMtKjsCBQOK39gBAWI4mqyoHNm4NXyo4zCPDmrf0HQ==
706271,0~MZaTFkz1rKP-X4MEMdN3on74Bi424x-0s85RnleiJtqhyOy-m5myK4eY4ijSkJNFogqIRbDi_Aq5kvFQrW5Wzw==
706272,0~N8Qb-B_AaW9fe7gjjeta_1ocV8Bi6mWZz8OlVMnpBwfmt3LnRLe_cBqEWg_mMqzeAXTX6eyrRkg_rakqRrog_A==
706273,0~NlFFMEsYlJcalNoGUtfj_K8raW9KS6d1n1sBBuOhsb4X_SMh8bsodBUOpdwrbOFzaySWlwN-kb0DzVhXPcxBvg==
706274,0~Nq2Yha4xunN-HViiJnjxaPJ_h1lOw-AQ0H9kFjxD3k9ZNBEu0t4jBzU7PffAK3RFM5YDxqnS4NBJF2JtmZ5Dpw==
706275,0~NxTJnlc2kXLEum6vC7Dkl6eI-RbDnwCe_mJZnGFv_S4a38UIBQsZZPeGVaQWw9Q1TfKwCLZASoBcEVIrlDgmNA==
706276,0~Nx_vWI68nZG0jKJU8IDShxPYmpPpg5wg0aJ4V5ozc6o6JBRVqtdQ-cda4L5aOajaUuKvpbTKnfUztCjYkbLwfA==
706277,0~O3RypL75AhfAYs9EpfRNn_jGqLjjvKcQNsU4pNUHIf4i3160DIAa_GUeqG65u96C5TPUyuSHyPmuhUuWTpdrRQ==
706278,0~OlqjV3z84ua9nJFrGnOPFde17P1fF38HWd_9Y7OLG8GT_AvNYtmHKfe1r9y30P50bqCN9MZzHKn_0YTT0J0n1g==
706279,0~OrV9keKSUHtELh_jNdixhZK6YKRo4ZA9VvJSbHTHiVqgTrqiurtzZTbabwTvM8Dfgs_QCqOQstxw2pIGEqGEwg==
706280,0~P396tPnGMznovjjQrudIN-Kbr0q5-V2JUQVRUn-PwKjsGqrcNKfgQRog4k_qYjC9zdHzdHCogleU52z92amnlQ==
706281,0~PHhsb1nrhLw1P7E9ZRy7ZBmqivavphLmW1foFEmF-IMiRkVaFh1AOjT83Q6tTkfmvrVkOfpI_016ugnCdHQugA==
706282,0~PS6EPO6RwP60D4XZpvb5vAXbrQ2vJLciSGUf86rDyq-wZTm-XWu8csM161uBegG9hf2136lvt-9WVzjDTgRKSA==
706283,0~PfEvaIc1whNKYMlGutxIB-oerGcws-oT6yfiUXwO3SNCe6OtOoDR4BSQv34-FLLdydcV1ixtTNDFjbCIMvnGSA==
706284,0~Q1Jd2LehaWf1aQXaoBpbmpXUorMr4hVlUuDK-Pc3RUAT-hgXF8Y4BSlmr5ojNTJBZu3NabhnmqPPNBPvwFIhzQ==
706285,0~Q38a-gWTL8uUiJ9YPWl3gUY0VoiPceNlTEfahws8EKmYsJrQLBGI7yc9g_cTmbpnZavDsS9kCbrSZZhzE9ES7A==
706286,0~QD_jqIsQRtBa6ON5DEHZ8uPyy21v2SJMkwUc5zDbn-3woCtwyq4TsZ-yFZFpM0f8VTbj7IW716JIwWjdG9QGNg==
706287,0~QHF5o-Ua3zJ8HADzupN565nthIbuGp4N3Gu0lliAcgCSwIHtfFPH43K2QVK1Pr_BWsHGOsG7eI8dA4exTgLpYA==
706288,0~QhCkgLiceFTR6EdPNq47vsOwXqEku_0SJyfSTo4tmz9nzxJKGhz_db24A0JdOkWCiNuL0MjqtkIe3DILUL_G4A==
706289,0~Qx-vQWADTPYObcLdd9j1UbIAQC4Qywdvjqc9c9sydFKRbWuElAlWTi8DvC2jZ85vrxHR5Dc6QEC99_uo5nnNOA==
706290,0~R7MsPSh3iMlciJgJdqVyzuyTWtTE2RAlH0ugDg_8YORA7hsxT6xyEKXs_Xv1hmkfteLgzvchLrY67eehrE9QTw==
706291,0~R8h5xfOfxK4PlgrA2wNEpSqV7KzefFz7haxzWEUzwnkEwy2IseyFOmyZmIRyrcHuBwJjfqzQniYuQ1eaI-1Yig==
706292,0~RkpZ7-GgDmy1dyJJmFeB2K2vufDKipweUONwvPsLjpGuEkTr-4oZN0QeCzMkOItdrSpokDhHOu4uMiyZk5YtIg==
706293,0~RskiPtJ8T1ZdlQ9YRu7rP_e6q7qR-DAoDFH2n26ioTMoe4a0pyNyojOcimzCi0shs85MbNvCpOFu0Tig1V62eQ==
706294,0~SdmCzDgTgMVQGJvfPTy2Sw_i1c7rW0zV8JKmjCQkCXknEFbh4AVS4GK-dnHOK9aysEa5ekNBCZWK3HhFWOmlwg==
706295,0~T8BUR2UGhr2mAiZVc6fZZBifX4uzFhwDA69hfCyXI6Z1i-fty6OdVzoNRifZNZ5qLfUOEL9CE1UQ6zP2SnbawA==
706296,0~TeE3zWQV5nVIjPKZ68lg0Wa9KwTf3IsAgZkQHCqTYqPCm0x9J12joQUSxZyE_BpJN3E_NIvicptC8uenbHjH4Q==
706297,0~TekX04v0OEmiqRPsgtIu81oeOH4M9uxKx2nHdgL4xBfyurMdRESuSh-mvK-1msP9vyAclnDQ5lt2ELt8t-Rpbw==
706298,0~Ukao_hq33D2seYfELRzT7PiFEeRpeVSjSvTFcx-g5tt3Z74jbAUyvkc5_3WUA_U3BvteghPsoGCu4cSh71VPhg==
706299,0~V5_2z8ofbk9XChxHkU1HuqUT8IhUtLQVZgRX7x1t_j0BtCz8tBvRg-2pnjyj849RS-oAGT1BBmykPmoZldQQgw==
706300,0~VONhqRzFOW7iV-ADK_ALT2bNvdRtjzpP_b177f43WPXeM--nXVwprG2nijCItfzawL9PaZ02BrRZmFy40Hb8NA==
706301,0~VZ2pNqEv41LZ0poTr8X_iWDPniMTtm7HzBG3X1jZWiJLSY_0Fu1WQhyay4TBxj9OvfgYtbfbK8S3d1dLXdsGQw==
706302,0~VoMc_WSGrHzo7jiyuMku64B-8NC_Gu4-tkFjb3_V-dfylnG3zCQZ6hK8xkz40w6JtYeGBM7JSlGtPqkIDcT2Eg==
706303,0~VyQdrA6YKIY7B94qHZLtPv-OQMKHPQR_XfogFO0Qz-XkBvubmzkofLuxPNUXb_GUNNqhzK9p0S-fQdj4BmnzRw==
706304,0~WXbkvTgMhUHYRG1tD8ZqKAvurpsQsG_nS10oON5fMw3H6TmbfBGH0fpuNDwTqTKWREis1YPf1nrRqo6c4CBhJQ==
706305,0~WcB4Smgtav0-BUDjgyFJ4wqxUN_dbr-UUcvR7lbXuW6cHFeK5AdUyTEuFW--BpZPe6nZ5HN-AuSZgm6mAXELOg==
706306,0~XOzkgSxl-SOid80uB5QQkLUmEAfOWXKSPcMLuFixaukFCC_oyuh3rrfZofNY3h2cXrNq8meJ1VXQ_aw-cP3D1g==
706307,0~YJc7QYRXRCNkTeQ4-vFc_JSYVFMi0-j5Uyrc5IH0n8ayF2Is1Fke2x299z9yUVyInrytU4NEsAaul44Nd6RdSw==
706308,0~YWmc5P090tM7GQ1di9TCF0lugwhJBnZtcJkkS-bY7WxQE5jRJUIErNBnFM_fsikMJI2knAZBVfwxFNFMfrw99g==
706309,0~ZbzfW60X2Ic16kjZGyraDoR9utS1ortwMrhzKscPXNrEDLvuBYP-XL3Fs7I-kMHmcc8KCy7y8fxNdYfsJxk4ng==
706310,0~_8k0wLXem8M-XY7J8plfA4GtDEHQneBYp10cHJhcl2K6o8698n0Rv4Z9klJL_tmzG4_c_iJWLWEDxNkyImRWtw==
706311,0~_bA5jKCFmgi_lmBm-jR7tTtG9Zf6JG2PlGFty-OpWgC6g9hThm-sz_vvdncYQAtZ54Oa8tP0Gtip4Ir58pR6yA==
706312,0~_jaTrnPakSl2I-lhx77YIwy_8NbVH6LmJ9lEO_7WkrecgnfqNIUhPcLq0cRgWj9HUBP2pZBHIAvYUPxlioIG0A==
706313,0~amdvjDyTs3kL-AP3DPpBE0V9h_76l02w3P2EzWc1LoOADnRZR7i7CPFiPPQHlTD6pTHKY1ai5j9WxxzeO-mcfw==
706314,0~ao2U4sSCrQcKbSjkcmrV-5JYLXNmjRh75ws5Q261cqymInzOvAIoPjGRSFClU0GQdFQbP_EbKYkx5QciSH2jtg==
706315,0~ayL-kpEjefXSG1gvc-al_-fARV1nLHMslOgTSUVcJiUqM876RpWUtOVwZ9mpHALG-LJgYgWb91zEaTzlqBJwbA==
706316,0~bG8sMF46bbcBvcjijGaH9cuAWJ387UT-RdSg6aaEmiwmjBMgpy11n4X7ngRu97mW8eG5vakWtBMM_gvNn2dBJw==
706317,0~bWlQ_7K3TMgPnAL3ShBHTwdCERPxQiX5gaz-FcBaW5LluRGRIi3i6npRaeDCM5ymGQ3WaXCX102gA9sMD9RcjQ==
706318,0~bzy2aAPfCG7R2v13IH3jrn7w-sDO7EEzMHCxshe2VgNF5Ex-s6SreiDOKwzJKFRPQllBF0KRjePi8XikzO-okQ==
706319,0~c8iQIWmFlE8wOcdH69hmFJVNa23ETz8dBWfbMMJHNA2pv6D-FZhSXmAuAI8afLqbrpnBDfZXG_HdFymtD6Uy2g==
706320,0~cWeBQB_hfhgKiROh4b-VbfmSCav9k-PGyQuZrTYcnyTpYWY8ip3_H0nLEqg_Q2ELqxbgjI1p9NhUnSW-uh49DQ==
706321,0~cXRagviIR9EH8PmtBo0F1WxMBOgkk7umsy0xR-zK5wCuJtbAbXJQrJArOVtF5aXdhEMAUoWQ4Umqs8cLO-AYQA==
706322,0~d7fyQyUVZtVkRqvS2C2_LR3HuwvzyqOXA2sGdITrhBwxfBzHOu_WEQkkVjSdS40-jNxuopuIA6vY9Bbyj8Dn9g==
706323,0~dUCQu1OM59w9jAn4mjx9T1AQ-t-OrKIJ99S2vmQVfz1_fkcssWBAoHrbglz6fA0EvG3SF4TqZqR63vpeXQXtTA==
706324,0~dZ18A2cdF_GJqvaSF2U3nI5Syf2SSruePtS3Ke5zknqIpFs37HLsqLA6oRcpWejypSwUFXoPl-ls89leYfTFmA==
706325,0~dvZ_WVbAKJgXpoOaccGFEDseqisQ83WEv35CD5PqaCGcI2ctqPFXsrwMFcNYcA6HkZ-UVWW7K_GIHELEVZnjMg==
706326,0~efQg6cbgw0LvSBD0f3Uc1lO2d1bOqemR43ux_6z08hbBjT3Gf6G_gGEUCKxhEmtVQx4QUW8HiQgqDouR-0h1Fw==
706327,0~f12xnz0UMY6G8-2zkmKoAJvScUVrzthKfcENPDBDC2RJ8cqc1BXPqwPahICPfVXT63zRIu62_WisTSyeRhWaNA==
706328,0~fSymmRUcDVPR-EuR9BZlD56Ew2oQOEDCx4WpoCqcAjzJrvOO4Q7SJ8C77AqRM1m4sydHOKXCb82c2oIZcvaa6g==
706329,0~fUcMTxfdRnk5ib9nTMFO-QvVeYwXwP1e08SS6rD7efiFAc4zewzEWW22kTPyxU7Rj39DpNytOPQkZpwodQe_8w==
706330,0~fihktAjfuuhLTtU758T7wYMB3hBk46-aNE_VMwwFdrBEULyXxsZP3xRlbpEj27T2obMmZdl0BTnkQeX5bN48oA==
706331,0~ftAaQSYqiNRW30KqB4tMTMCJsS2cxpjraHG8hiXv2IxGpJwPesfmm1o2bYZRplOttJmTvYBYDwphKfEhHipTdw==
706332,0~gsbpIyjTDzNR946GHiOWzi-ofhZoJrwgW1kTa2RtgoxeKykkjcNTPYLmZmFETTL1HoMwmlmFxAIu5IPrzeSpBQ==
706333,0~h5Tw3zRjEvXv-zY83c7IkUtuPMOndHFiI2w3iVxG5-zawtKRDTgkbJsqeJ0_wA9zbJolYmh8L7J0ow0ynJ4l3g==
706334,0~hiEcoVvuLihXr3wWKMar4O9r48YfL7UoOUrLIvWgoKcwPybIdAeCCUAlO-senpGT_sBRcjOaTZZaIEJ9ydT_JA==
706335,0~hiyfAJJa81q-KLyk7pPlnanickTrqIbtM1Ha9uyhYAsSEIsGB164DX1FOOhEBPrkiJ8CaDYw0BSsWduaqxc3_Q==
706336,0~hziAQCZutUZKDNZUC8-C93LowtsAZNFX2WC1qLDzu5B1PfOhpaVPgZJ-JHaB6CGaEAHHAaAYLhThU4o2_cWUDA==
706337,0~i2iG4B1i_9maaUY9tw_c_kgCLM9Nc_LBbWLDSYt2xYTLLROn-LVDTh72JC52bvim_CHHG2XRStxAiw1VcvViow==
706338,0~iOPiMeF9-tOVIPnISs87rdzH6KKmFNV_2CtjhYb0qKJxtY7UfTtwdHMLFevxuh1J8ZKLjGzzgJJk7xv45L0X-w==
706339,0~iOn2Yz8x0AJhY-X7SFTmFKoPScffuGkLcmpPZtott9-3LTRGhPlN0eKhe99T6A5xMcvUmsNpsgB18fmRInWjCA==
706340,0~j60n0JqdnNPfKtKvwC9jb4EY46ZCbCrZEHOGd6sG7lOf8pC8WAJOQIHl0BuOhahjxzAmSZOwJHZoWzgWPYVLxA==
706341,0~j6Y1Ev_5lvy-OEXxkkgVUfmL3UlbdOewEFdIOZQ3lZI2Om_Pw1NGzY6MQ6TOWTY0kSBEZshS69ybr6X0Jf23hQ==
706342,0~j9gwuohF3pROnvprkzCeUCdkZQIL2WIRUaNFeKK2F04OQCEzx8tc8BtfTR0iPFD-ak6wcyfT4sAkW0i-S_kPww==
706343,0~jKpi0LzTyLetdlqSZnOPHbX8ZEQGrQo6bAJ7uIrjdukzQ5Z1_6qRDWMCisrSD1zICVgJY4XzgXfHbXRqRdWsmQ==
706344,0~jTOWYmddQTm18opNnfB43KRyt8NEt6Jv0gSTJIxAqdCfcNrBzZFUkvZHPakiyX9HwKMfWLPeGehCITcbtQmdGg==
706345,0~jXeowmspCap-TI4tiAOXdvAACBvvH6OGmscFOm6RTEc3-Rqulr6F0VN2lN91v3p4ItTlECbDRtMEr2OFjnRlLQ==
706346,0~jZrMKseNdPVxHi9C4Z0i2CZtcw702MA6-CHxhKKC-EuMYXo0DhsVsCYKj-EL0B_Lws4siWQXnXtNQVPKbDJQuQ==
706347,0~jiuHknv2eoI7-EvJDL8-w1RwA3DCHLJhAVnhiOGZXP2J1YKnjF4B6b0pvbaoQ8EAOED2ZpKjVhnLOkjMnzytuA==
706348,0~ko9pWckqNPtU9WOfQE9PZ-eIZK2TF_Ld7yuyxf4oO7bwTk5RY_ZXrQhyTELByzUnY6gTXlWaHWh0xvNpC7rjLg==
706349,0~ks7xQXGaS33HvSDcAWrBAg0PvheSMRKO0fd4rXEWS9nBF_6bv3Rp-LqNdAJskyeQETpG0ef5T_AlMjNU61tQWw==
706350,0~l-36Fv1-QE5NavsCoITaCXAAHK2yNPBa4A4Zb24Zp_ItptNk2ZS7sxcJ21G-fNvELQLxqjYSOpxjPabXQPakuw==
706351,0~lVy1ZK-VmK5cPLp5TwcfCG8V_8THKq6RzNwfypV5lfkfLzO2JQ8nVLa1VFCdD3EN_YwMLid3Oc1Em-vPI9-6yA==
706352,0~mLMew_dSR2Zbswwhcu1hXdgELg3yVxaz-P9zDdwLlQzQWKWltHvKJlxIfyA2jpD9gZ0gG8jwpgeJ6CMHJbnaFQ==
706353,0~mQckJVbFhPN2DnT6M5LP5nrskXHa4t8Fz7EiyRoKbwa1FjbEUYcXVsXHQeNP9_IUQWlhdVRkkrdXy-PVxeO16Q==
706354,0~mSlDsDcl_tlPDRnABdxV0Lj3LFvQnaGVp0Pa-QK1oSGMN7VolSfSoQvthtnBKAXpqKY42H-V3XcII-kUjzajKg==
706355,0~mkaQ2fcYgbS8iyXu7FsCwB2411ZehOWcAogMooqFw0iNMKvb0LNtSpZ7yz4FUZvUrC282U9X5vf_JQDl6GJP3w==
706356,0~mvQw6OAjsKPAOaGAX_GEB830gHQ79yXRJWwDf8cqzdtVvw6QTBjsI46zlrwkoT2XhGWMD_ZfutlAGTNT3hpOHw==
706357,0~nFUb7KC5mS2Re4R17weJfa_OiPaqFhh18Bd6lNSVSwR8alj_tehweJuvgRQBmPRJ6jkbzqvmyX9ZHhjWrvnyRw==
706358,0~nRSpzBsS_upbLSm4BE1nyMrjDIL_gnGkor8IHsPLj28LBwzzg552Ocq0-8Lma3IhRV2c4tllJ2pbN5uhe-FQ_g==
706359,0~nm0gXEVSa0itFnYLQ1xqyO72CKCHJpub2PWFxungrTmw5Vgf13QOHD6ShakjDxcBhfKkMDuqrOt-ijTUbqpG8w==
706360,0~nmEOyxdN7NLXtKBsKKr8F8gkoXUg8ZsVIxGqwmj1i-wNHqRQ6AYw9mVexOsO-l0W71q5Dtd3eB_89omEaQLbcQ==
706361,0~no3aUQ9sb5Jp0t-640UxiIwAadHQfNzhujBi7ycmeAInm4ZFsjOrA8PTpJ8IJ7f68ZtfTh_sRQBw7IPnEWUI1Q==
706362,0~nusOqsLmatFQ1K_6z5fj8DT_BGBUBdFy_SZmYfhbMO1aFMeFitmCXEm4AlFf8XN7UWukX7L2Da33nKu_XzJQnw==
706363,0~oAU7akXw1XvaUFNIKxuzcQdBbJCuzwTHZQyggDGcjR0sIzcsqpD9hO7fGsEl3FMi9LmzW0vuni0eG9pk9Rdjgg==
706364,0~oRMi0sbQLktfDDDGUS-SqBKpdDiD6HCztVES_ShfGr0KVcYENoIq7y9oUSDWL5B_P2gkdtWG8JEsJLxPbdWOZA==
706365,0~oY48gJ_06hc7MGc2STqAAbCtK3TIeK2-Q5le-tzoPs_cxkB22312kPuGfe0qYtq0dDiWjdC3UnotZ9X52Jwhiw==
706366,0~owUAspbeClHIovasfqVFsF-3xjTjkaR5S6003Lc9fSZe3AQk-6YEOwB9pCaA7U8LQXOJBCXqfTH6IvAwiSIdvQ==
706367,0~owp_etveLJiHnADlzsvQdFP3-KvTdkANj0vyTkJrhu7-Cg9sNIMkouTfQJO41IH44zwplE3u1H1T-2umOQBT-g==
706368,0~ozUFDhP-rONOpWWg4mwbovXliA7t22S_k_O1st_SnETGAkAICAceIPXLwGFfgxQamiC4GsUW0myMG9hex2j3DQ==
706369,0~pA1yIisOuGtzCq8vmRyI-g0HPI5tvi5KWSoPvlhvM3H-R0LDnvGry-aIO_e1t6v_Tfg_MmH-lhXhqoinu3bMKw==
706370,0~pTFMdPY0lBy1b1gcylUSqi7kIrPd2u36weDSyQeJOr5mq5qrqM8hXccBnezJO4MLf0Dmo8HP2WiVpbz-5kLIQg==
706371,0~p_ycJOak2Sb67XulHcRocUWx9qqqYw2xjLDeAx3HQGbvRrVeFLl5rvJHQajRv1WZ2sLwgXplbwbuiXbJNfOnIg==
706372,0~qJoCUXhCHAG8SGnqq3XLAMHFdLKmJ3If95LV8UK2uBck6fzcM_vSzscgp8ckEPzNxDD9wE-NeTNKg6PWe5ILKQ==
706373,0~qkFK_hy-CdlQD8PG5MTYpp-aVoxDZZ08swrrvnOemKNNUajia4gXEFf5pYqmeBIx3A54Xr1VRkU-lw3f0VHySA==
706374,0~qkiund4wYgGb7UPjF8TIn00vQym9ZAA3CySRdMcrNdm6xdcGb-cdTiav4qEHIXvwp-cFKT36WqxE0PwiReJbUQ==
706375,0~r8b0FQXHo5B3TosSo3-wC93VUb_tdJQBaIZA84j1WdfHOgN3s1Dviv3NxUv5tEft5xGcNFO9lSIWjOwtxd7Wow==
706376,0~rBMR9EOlzYhuDKlCPyygh9-LibyBHNB9St9LiDfIe7jwf5FvurH1P6cAM7m5ng9Wh_1wCWz7tnyhvFKTz2MzQw==
706377,0~rPKV7ntRXFGL4D3KT4TEEEN2tQKgJCANWvH9K2jU0MfaOqqxUvX89cFNjA6-Xu5vmB32L1Mut-MJaxkGfE2RDQ==
706378,0~rfzCuR2MDAB8dRJyNHkOhWWItufbreczUOKcCpHEOHjBfv-9nasoewKRP0_-DoMbJiPAqBrkiX1Kpu1rd0JVIQ==
706379,0~rppwQvTxeKIZtb19CFIViWAH9zwpiXODVVYaBk3nd-tjsK9DY_ucaSx4Pgp7DwKnVgVBgrZ2dke17464b0OSIQ==
706380,0~rxke-BdX8PPUFvCWBSc-L0r-AafbThvO5OnhtZYx6IhffoPR1KjrSdR28fJGGejJw1dPyafYsohsBtvv_nS_fg==
706381,0~sSmIL8a_A0aEFSD4ro-vUYaQzDnKEaE1HwTm7EPItW-DM1GTqkQLuz38PjKlbaUhLH9jblYCBKMGj9v50BnqJA==
706382,0~tAHjafd4r83ros2142YCdYJRey0bZyU6ihw9Z0sS404vWWmTrWRjbAZNlM0vqE8u_33jnw2u5jewzBYV3mprmg==
706383,0~tG-YhYQv31UzhPwaMoR2gt6KFly-zL14ljxZFmMvQgu9-3FD-Eee0pJgrq-hro_f-9O5CsutCc5VbRlBXDVtoA==
706384,0~u90X9mv7WpiOOm_R1CZuuZtZ6exlV1arxszh5vT2jkf99lUcH0HTAOne1hsf7UTYxwP-cT-Xd_KOezVks8IFIw==
706385,0~uBc768R5NFtPxh_dscTRHJ9XN6hY3sr3QJoSGIC-ZcJnpIXg7KziBgcM_kcTqG4Z9kUoSlDqe3pcNIZqh4u6ZQ==
706386,0~uERq4rhpzydYZHGFY_0GrG-i-y11Mlt0x_eVSJ0uX0ylozcmWHUYql6CZK3U2sS_Lds4TNXghYcIoysf6tKXkw==
706387,0~uGzGCf425g_i5KYd6nuWSiI7NyycqsqB66awrvXCCBvrO4LmyB33DRUT8FcsDb1dmsJ4nJDuUmpL940JtAs4bA==
706388,0~uTEM-ocq-mP5Unhid988gWyPlV-KsBRFaHohArHBlri1aeEO7AER-pZWnGOf-fsDk7csVf5sd8M8LxvWWP0YWQ==
706389,0~uVyZM3ZozIhpUErP1woOaaEJc3hXELzix2ekeVkqi62f6plCgtM99H6zuttx7v0NyEKEmW_sruz8c4C3Vq5P6Q==
706390,0~uz4nDnWPV5oQQl3Ol6sPN6Bnik2lcCfVBtZo93VDcX_i-7b0B34ZJdwZyWXpfD4oBDx1aFe-My0HUbsH-1Wb0g==
706391,0~v-T6aIAJkdXGZ9fpU_6seqxH-OTNx-B7PtFapVTXP4RDJdsogmZTRAc1lSA88Fst-QDQ2RRF28LqIersSkK7uA==
706392,0~vimn8Zp0KsdV9i9XXIDqzuz1NNZNX35Otn6UtHN9uPIRqfycBXMS2QyAK_5o8PNaWlt-X105fIiqjCyEvOukIQ==
706393,0~wh2wjnujdqeGRdymLZ60Cr-dvvITKIXsBbBKb4fCuJxIcQaoZkyPeoMa4c21Y6p46kLSLrlF65u2Zy8BeBEBvQ==
706394,0~wtnVmo6ejR6ri0I2D3JmsRLxHzfriiHgTcYsjo6QvI7q_rVwFyQlMO9FqVi4FjJJit_6N3wc2kcnuMxADyrXyw==
706395,0~xIHkSr4PNuD6JLakNkx0nLUcoZhgbyTNYRq6lJH1DHk8CpTrEaD3iopO7EgiN8zZDoyReotQB16O4mXgu1KDsQ==
706396,0~xouJSgI2iNYBdesOV5vyhEqmMWHicIxKQqTLfstad_Ka73NZ9BZCbbYAMfLSsKnGDRlc3gr_0xZCUtc2vXRw0A==
706397,0~y4VitjGkmTwHwwPagZBiRjbqHfUzyriSZGeAVOoI5sgQSg9Rh2Ko4v5_yagu9__E_LM3XwrKB09SoQt7ah-SHQ==
706398,0~zWkMeUiLm3hFhQ5PgKMIHYYR-WWf7uA7PW0up7U7OhDSNclHvyICBa-iL_8ivz4ilLzUBa1T8CEiKwpoA2mz7g==
706399,0~zrvadVp_T4bvlDwBbDsZX-jeGUoScmiuv9rTryRrllNz4vsYh1gBBdSn2Nc_RcCY472zjw26ZHViHodk6lEcng==
707444,mlflow
707489,Dockerfile_conda
707490,Dockerfile_sagemaker_conda
707774,test_generate_tool_stub
708219,c++
708469,docker
708541,architect-rules
708542,ask-rules
708543,boomerang-rules
708544,code-rules
708545,debug-rules
708546,test-rules
708551,roomodes
710097,claude-simulator
710098,mcp-stdio-test
710101,test-runner
710872,openemr-env-installer
710873,openemr-env-migrator
710874,monitor-installer
